name,email,gender
Hilda,hjerke0@furl.net,Male
Dare,dranklin1@4shared.com,Polygender
Alayne,agiovannini2@hao123.com,Bigender
Aubrette,akienzle3@dailymotion.com,Genderqueer
Mortimer,mizhaky4@gmpg.org,Bigender
Katerine,khindenberger5@howstuffworks.com,Non-binary
Margarethe,mdmitrovic6@oracle.com,Male
Rriocard,rscandred7@prweb.com,Agender
Pace,pdeverille8@e-recht24.de,Bigender
Elsworth,egoldsbrough9@weebly.com,Male
Chad,cmcpeetersa@163.com,Genderqueer
Tyler,tpolinib@skype.com,Genderqueer
Andrew,atominic@webs.com,Polygender
Spense,syashunind@yahoo.com,Male
Nahum,ncotsforde@fda.gov,Genderfluid
Natalina,nelnaughf@ask.com,Polygender
Xymenes,xparryg@cnn.com,Bigender
Hyacinth,hmalbonh@vk.com,Genderfluid
Berri,bhaysari@cisco.com,Male
Ingeborg,itissimanj@deliciousdays.com,Agender
Seline,swoehlerk@un.org,Genderfluid
Doro,dfearfulll@nih.gov,Bigender
Garrard,gmartinsonm@pinterest.com,Genderqueer
Leonelle,lbenfelln@creativecommons.org,Female
Elfie,efirtho@google.de,Agender
Nichol,ncolquytep@mapy.cz,Bigender
Lindy,lkulvearq@ucoz.com,Polygender
Dolores,dleclercqr@elpais.com,Genderfluid
Willetta,wgockelers@digg.com,Polygender
Alina,asawdent@webnode.com,Agender
Nona,ntreaceu@epa.gov,Bigender
Linn,lvillaronv@microsoft.com,Polygender
Allin,aoenew@whitehouse.gov,Genderqueer
Freddie,fbrislawnx@so-net.ne.jp,Male
Hashim,hvaily@zdnet.com,Bigender
Sherwynd,sfrainz@illinois.edu,Female
Bevin,bkiltie10@npr.org,Female
Durante,dshoard11@taobao.com,Non-binary
Byrann,bbemment12@techcrunch.com,Bigender
Jarrad,jvenner13@nymag.com,Female
Margaux,mmarkus14@soup.io,Polygender
Emilee,ebrookwell15@delicious.com,Polygender
Westbrooke,wpeery16@fda.gov,Genderfluid
Husein,hwarrell17@diigo.com,Polygender
Delora,dmuglestone18@slate.com,Male
Teresina,tbrewitt19@deviantart.com,Genderfluid
Darb,dfenimore1a@foxnews.com,Non-binary
Anatollo,ahedon1b@un.org,Genderqueer
Sammy,smedcalf1c@wired.com,Female
Shanna,sscholtis1d@theatlantic.com,Genderfluid
Silvia,sgrafom1e@disqus.com,Male
Yuma,yrubinovitsch1f@cbslocal.com,Polygender
Ximenes,xaldridge1g@dmoz.org,Female
Terra,tchapier1h@princeton.edu,Genderfluid
Talya,ttarbert1i@booking.com,Genderfluid
Roslyn,rfaich1j@privacy.gov.au,Agender
Dolores,dstirrip1k@cbsnews.com,Genderfluid
Cad,cchessum1l@google.de,Bigender
Selene,smallabone1m@hibu.com,Polygender
Harli,hcotmore1n@yolasite.com,Non-binary
Helene,hseville1o@booking.com,Non-binary
Joli,jhaighton1p@theatlantic.com,Bigender
Hodge,hgudger1q@blog.com,Agender
Hansiain,hbelchambers1r@alibaba.com,Agender
Gertrud,gjuppe1s@themeforest.net,Genderfluid
Marcela,mcowlam1t@sphinn.com,Polygender
Tanitansy,tsallier1u@mozilla.org,Male
Anastasia,abrownsey1v@techcrunch.com,Female
Aura,aanstiss1w@deviantart.com,Female
Hillery,hpaolillo1x@cargocollective.com,Male
Con,cshipway1y@webnode.com,Genderfluid
Lucinda,lvery1z@latimes.com,Male
Vernon,vhaylands20@netscape.com,Genderqueer
Edlin,elindores21@topsy.com,Male
Eadie,eschreiner22@mediafire.com,Polygender
Mina,mdeighton23@nature.com,Male
Merrielle,mdonoghue24@mail.ru,Non-binary
Sandro,ssteger25@stumbleupon.com,Agender
Junie,jimpleton26@japanpost.jp,Genderqueer
Melvyn,mlarvor27@senate.gov,Male
Thia,twalkinshaw28@cnet.com,Genderqueer
Bryn,bjamme29@jugem.jp,Female
Arlen,aupham2a@theguardian.com,Bigender
Jewell,jeckhard2b@printfriendly.com,Genderqueer
Tamarra,tbaitman2c@va.gov,Female
Arley,ahufton2d@simplemachines.org,Genderqueer
Martie,mpedel2e@upenn.edu,Genderfluid
Janot,jmaestro2f@ftc.gov,Non-binary
Editha,edarville2g@amazon.co.jp,Genderfluid
Danny,dstewartson2h@spiegel.de,Polygender
Tiertza,tcareswell2i@printfriendly.com,Polygender
Sharla,spalle2j@vimeo.com,Polygender
Sanderson,scamamile2k@bluehost.com,Bigender
Cherri,cboynes2l@homestead.com,Polygender
Cher,cfforde2m@google.de,Bigender
Rowan,redser2n@xinhuanet.com,Female
Linn,lromanet2o@livejournal.com,Male
Lorianna,lrunnicles2p@rambler.ru,Polygender
Glenden,gtilly2q@soup.io,Agender
Brant,bfrancais2r@shop-pro.jp,Female
Mela,mreedshaw2s@storify.com,Genderfluid
Kordula,kiacovo2t@bloglovin.com,Bigender
Marybelle,mmughal2u@fda.gov,Polygender
Page,pjanicki2v@infoseek.co.jp,Agender
Tann,tbirth2w@artisteer.com,Genderfluid
Tabbie,tjollands2x@rakuten.co.jp,Agender
Elora,ebengall2y@va.gov,Genderfluid
Paulie,pstickells2z@geocities.jp,Female
Meris,mrosenfelt30@oaic.gov.au,Genderqueer
Boony,bslowey31@auda.org.au,Bigender
Dorri,dbellinger32@yale.edu,Agender
Jacinthe,jjahnig33@tripod.com,Bigender
Danyelle,djosefson34@ihg.com,Female
Linda,lcastanaga35@bloglovin.com,Non-binary
Moritz,mfirman36@tripadvisor.com,Non-binary
Fey,fbisatt37@sfgate.com,Non-binary
Selle,sdukelow38@reverbnation.com,Polygender
Barrie,bnormavill39@ihg.com,Female
Lurette,lfalkous3a@apache.org,Non-binary
Jakie,jdukesbury3b@cbsnews.com,Male
Alida,akwiek3c@smh.com.au,Agender
Sylvan,sfawks3d@so-net.ne.jp,Bigender
Currey,coconnolly3e@friendfeed.com,Agender
Gilberte,gstarr3f@irs.gov,Male
Amandie,atomaskov3g@theglobeandmail.com,Female
Alf,abarthod3h@state.tx.us,Agender
Jody,jfrizzell3i@desdev.cn,Female
Cord,cjudkin3j@vk.com,Female
Lianne,lstrasse3k@miibeian.gov.cn,Agender
Jeannie,jsquibbs3l@angelfire.com,Male
Dixie,dpretley3m@cnet.com,Bigender
Annaliese,aollin3n@godaddy.com,Female
Nicolai,ndallaghan3o@hibu.com,Female
Lacy,lwhawell3p@dell.com,Non-binary
Ariel,ahellwich3q@simplemachines.org,Female
Marv,mwinteringham3r@answers.com,Bigender
Abby,atremathick3s@buzzfeed.com,Non-binary
Suzette,schadwin3t@statcounter.com,Genderqueer
Joete,jcolicot3u@sun.com,Bigender
Lin,lgraysmark3v@drupal.org,Female
Ruy,reyree3w@moonfruit.com,Agender
Linn,lmaccallion3x@pcworld.com,Genderfluid
Dall,dexell3y@reference.com,Genderqueer
Gisela,gkeesman3z@so-net.ne.jp,Genderfluid
Arlena,akervin40@uiuc.edu,Bigender
Kelli,kpriestman41@nyu.edu,Male
Colene,cwass42@goo.ne.jp,Non-binary
Hadrian,hbrosoli43@cbslocal.com,Male
Ema,epittendreigh44@slideshare.net,Genderqueer
Kurt,kgiurio45@usatoday.com,Female
Carlyle,cvanlint46@comsenz.com,Female
Kennie,kcicchitello47@taobao.com,Female
Ardisj,amalafe48@bbb.org,Genderfluid
Ciro,cdesimone49@huffingtonpost.com,Non-binary
Conroy,cbattabee4a@google.com.hk,Genderfluid
Allison,anealy4b@reuters.com,Male
Dael,dstrettell4c@bbc.co.uk,Genderfluid
Amery,alatter4d@g.co,Agender
Clemmie,csearjeant4e@tinyurl.com,Genderfluid
Sheri,sgulk4f@google.com.hk,Genderqueer
Alex,aaishford4g@mozilla.org,Bigender
Abbi,aburnep4h@businessinsider.com,Agender
Evie,eportugal4i@ycombinator.com,Male
Steffen,sjenner4j@alibaba.com,Bigender
Mead,mabrahmson4k@devhub.com,Polygender
Dante,ddrewell4l@quantcast.com,Bigender
Trstram,tvahey4m@drupal.org,Female
Christina,cvaliant4n@posterous.com,Male
Jere,jhalliberton4o@wordpress.com,Agender
Buck,bkedie4p@unicef.org,Bigender
Vernen,vtoopin4q@wunderground.com,Genderfluid
Lionello,lcrocroft4r@yellowpages.com,Polygender
Zollie,zmattea4s@telegraph.co.uk,Genderqueer
Malory,mbattram4t@diigo.com,Male
Pia,pcust4u@360.cn,Genderfluid
Norine,nvell4v@devhub.com,Female
Den,dbeart4w@reuters.com,Agender
Emlynne,emattielli4x@squarespace.com,Bigender
Ag,apowrie4y@tinyurl.com,Polygender
Izak,idochon4z@wix.com,Non-binary
Vivian,vstonnell50@spotify.com,Polygender
Monti,mbrotheridge51@reuters.com,Male
Josiah,jsiddle52@engadget.com,Bigender
Kareem,kfrostdicke53@ebay.com,Female
Gisele,graffles54@people.com.cn,Female
Darius,ddusting55@issuu.com,Female
Phedra,pgarralts56@smugmug.com,Male
Judd,joutram57@guardian.co.uk,Agender
Alice,ahansod58@jimdo.com,Genderfluid
Rosemaria,rsieb59@cnbc.com,Male
Hoyt,hlyle5a@hostgator.com,Agender
Fabio,favison5b@blinklist.com,Bigender
Curran,cheinreich5c@rediff.com,Non-binary
Marcie,marnauduc5d@e-recht24.de,Genderqueer
Wallace,wcarless5e@foxnews.com,Bigender
Cherye,cloud5f@github.com,Male
Haslett,hmcgillicuddy5g@scientificamerican.com,Polygender
Jacquelynn,jcorbould5h@posterous.com,Bigender
Madelaine,mvitall5i@xinhuanet.com,Non-binary
Adelind,alearmount5j@posterous.com,Male
Coletta,ccreswell5k@google.com,Agender
Casi,cmilne5l@google.ru,Male
Dorian,dghilardini5m@admin.ch,Genderfluid
Tally,tlarraway5n@comsenz.com,Non-binary
Adria,azanuciolii5o@vinaora.com,Polygender
Claybourne,cpenke5p@seattletimes.com,Agender
Lauryn,llaingmaid5q@ft.com,Genderfluid
Thebault,thindshaw5r@wikia.com,Non-binary
Lexie,ljarrett5s@i2i.jp,Agender
Eli,etigner5t@virginia.edu,Genderqueer
Cynthea,cschimpke5u@zimbio.com,Polygender
Keir,ktillard5v@4shared.com,Polygender
Hewett,hdanilyak5w@github.io,Bigender
Quinta,qrohlfing5x@skype.com,Agender
Anatole,aballach5y@forbes.com,Polygender
Kelsey,khorlock5z@spotify.com,Genderfluid
Peder,pcrowley60@vkontakte.ru,Genderfluid
Ranna,rlafayette61@globo.com,Male
Cyndie,cprendergrast62@state.tx.us,Genderqueer
Peter,podhams63@cargocollective.com,Genderfluid
Berti,bsignoret64@sohu.com,Bigender
Minna,mchallace65@abc.net.au,Female
Ebony,ebrierly66@diigo.com,Male
Pepito,plorenc67@telegraph.co.uk,Genderfluid
Meaghan,meshmade68@addtoany.com,Non-binary
Ainsley,acanto69@bravesites.com,Genderfluid
Delainey,dtrebble6a@ameblo.jp,Female
Normand,nkennermann6b@tuttocitta.it,Agender
Beverly,bansty6c@paginegialle.it,Bigender
Dniren,dvegas6d@businesswire.com,Polygender
Baird,bduffrie6e@seesaa.net,Agender
Tildy,tbrownell6f@unesco.org,Genderqueer
Mathilda,mhanning6g@youku.com,Bigender
Shara,skynder6h@nifty.com,Non-binary
Shayne,sbussetti6i@bandcamp.com,Male
Bil,blipyeat6j@geocities.jp,Male
Fawn,fmcvaugh6k@msu.edu,Bigender
Zared,zrowden6l@loc.gov,Bigender
Terrijo,tchew6m@dagondesign.com,Non-binary
Cordy,ctinham6n@altervista.org,Polygender
Erminie,elabram6o@stumbleupon.com,Genderqueer
Fidela,fpetroulis6p@simplemachines.org,Polygender
Finlay,fforge6q@sitemeter.com,Genderfluid
Vida,vwyvill6r@earthlink.net,Bigender
Sheff,smccusker6s@thetimes.co.uk,Agender
Marijn,mlattey6t@cbc.ca,Bigender
Brenna,bgorst6u@livejournal.com,Female
Fleur,ftyne6v@si.edu,Genderfluid
Ambur,acattanach6w@etsy.com,Male
Christoph,ccolquit6x@histats.com,Genderfluid
Gardy,gdefilippis6y@nps.gov,Non-binary
Lawton,lconichie6z@live.com,Male
Nevile,nchild70@marketwatch.com,Polygender
Sally,srammell71@abc.net.au,Bigender
Lockwood,lsleith72@reverbnation.com,Non-binary
Clemmie,cbudibent73@engadget.com,Bigender
Robinett,rsherborne74@dmoz.org,Genderfluid
Angelico,amyderscough75@w3.org,Genderqueer
Babs,bduchart76@amazon.de,Bigender
Kenyon,kcapozzi77@dropbox.com,Bigender
Lona,ldechastelain78@flavors.me,Polygender
Corny,cbadrock79@about.me,Non-binary
Lazarus,ljackes7a@studiopress.com,Genderfluid
Sandye,ssorro7b@vistaprint.com,Bigender
Alfy,awiddup7c@wired.com,Female
Cecilius,cstollenbeck7d@youku.com,Genderqueer
Nikaniki,nmelladew7e@paginegialle.it,Polygender
Daffi,dmedling7f@feedburner.com,Agender
Lishe,lveschambre7g@tinypic.com,Genderfluid
Clarice,ccoweuppe7h@loc.gov,Agender
Amie,arive7i@biblegateway.com,Non-binary
Phil,pgives7j@newsvine.com,Female
Benedicta,bposnett7k@pen.io,Polygender
Ophelia,ogyorgy7l@abc.net.au,Male
Marlee,mwallace7m@ucla.edu,Bigender
Shantee,sgotliffe7n@cdbaby.com,Genderfluid
Donovan,dhuie7o@boston.com,Genderqueer
Greta,gmakinson7p@geocities.jp,Genderqueer
Griff,gbendley7q@nba.com,Genderfluid
Charlotte,csaintsbury7r@deliciousdays.com,Bigender
Kath,kklemmt7s@meetup.com,Male
Granville,gsargant7t@archive.org,Agender
Terencio,tcowland7u@reverbnation.com,Genderqueer
Candide,cmoreinis7v@jiathis.com,Polygender
Victor,vadamou7w@biblegateway.com,Female
Kessia,kduckinfield7x@t-online.de,Bigender
Bethany,bjakeman7y@sakura.ne.jp,Bigender
Robbie,rpridmore7z@bravesites.com,Genderqueer
Elie,eworster80@nifty.com,Non-binary
Suzanna,sbogaert81@dion.ne.jp,Agender
Alika,acaramuscia82@live.com,Genderfluid
Huntlee,hnanelli83@arizona.edu,Female
Dallon,dbenda84@telegraph.co.uk,Male
Anne-corinne,aconre85@jalbum.net,Agender
Hobey,harniz86@sbwire.com,Bigender
Toddy,tbradbury87@ihg.com,Genderqueer
Danica,dgrunson88@pagesperso-orange.fr,Male
Katerina,kjovovic89@github.com,Non-binary
Micky,mclerk8a@51.la,Non-binary
Dukie,dcompson8b@virginia.edu,Genderfluid
Shari,sillyes8c@toplist.cz,Female
Rodolph,rbirds8d@economist.com,Agender
Aili,astrahan8e@csmonitor.com,Agender
Kristy,kwinward8f@cam.ac.uk,Non-binary
Brnaba,bsawtell8g@sfgate.com,Bigender
Florian,frosevear8h@booking.com,Male
Heinrik,hfinnemore8i@google.nl,Female
Anthiathia,ajanuszkiewicz8j@ted.com,Genderqueer
Fidelity,fmaneylaws8k@census.gov,Male
Doyle,dpulley8l@instagram.com,Polygender
Suki,sruos8m@ocn.ne.jp,Agender
Ada,amahaddie8n@oracle.com,Non-binary
Vidovik,vjovey8o@mail.ru,Non-binary
Kerstin,kedgley8p@desdev.cn,Bigender
Marlene,mtunnoch8q@blogs.com,Male
Lucas,lleborgne8r@shop-pro.jp,Polygender
Ailsun,amanuele8s@sbwire.com,Non-binary
Doris,ddaubeny8t@merriam-webster.com,Male
Artur,amatteoli8u@ca.gov,Genderfluid
Renado,rangliss8v@howstuffworks.com,Agender
Saba,sallin8w@usa.gov,Bigender
Ilysa,iwinslett8x@drupal.org,Male
Dosi,dnutman8y@webeden.co.uk,Polygender
Goldia,gcoddington8z@princeton.edu,Bigender
Richard,randryushin90@ox.ac.uk,Male
Noelani,nschulke91@qq.com,Bigender
Dayna,deakle92@berkeley.edu,Genderqueer
Shirley,sreichhardt93@blogspot.com,Non-binary
Sherri,sskilton94@google.ru,Genderfluid
Edmund,esmartman95@google.co.jp,Female
Ann,aloftin96@ox.ac.uk,Bigender
Jeffry,jlegrice97@google.com.au,Polygender
Lemar,lpie98@sourceforge.net,Genderqueer
Gorden,gagnew99@sogou.com,Polygender
Peria,paslie9a@microsoft.com,Genderqueer
Oren,osutherington9b@chicagotribune.com,Female
Burke,belsegood9c@hp.com,Male
Carolus,cedmondson9d@wikia.com,Female
Essa,ehan9e@merriam-webster.com,Non-binary
Nicolina,nrusling9f@posterous.com,Female
Jason,jdomleo9g@pinterest.com,Polygender
Vincent,vgreeding9h@4shared.com,Non-binary
Ede,egealle9i@apache.org,Genderqueer
Lisette,lhodinton9j@google.pl,Agender
Lian,lfrediani9k@pagesperso-orange.fr,Polygender
Juan,jturnbull9l@blogger.com,Non-binary
Nancie,nmackneis9m@marketwatch.com,Male
Alex,adumphrey9n@sphinn.com,Polygender
Artie,agreim9o@1688.com,Genderfluid
Whitman,wsketchley9p@earthlink.net,Genderqueer
Ardyce,apearsey9q@com.com,Agender
Marje,medgar9r@buzzfeed.com,Agender
Juana,jtriebner9s@bluehost.com,Male
Brett,bmatuszyk9t@infoseek.co.jp,Female
Adena,awinchurst9u@nydailynews.com,Polygender
Mattias,mwoolger9v@nba.com,Female
Tarrah,tholcroft9w@google.co.uk,Genderqueer
Celia,cmatthewes9x@blogtalkradio.com,Bigender
Iggy,ioby9y@google.fr,Genderqueer
Tamera,tgagie9z@studiopress.com,Female
Lynnette,lsijmonsa0@odnoklassniki.ru,Polygender
Briant,brushburya1@slate.com,Genderqueer
Haily,hiddendena2@163.com,Genderfluid
Silvan,sbennsa3@google.co.uk,Non-binary
Maegan,mcapewella4@nature.com,Non-binary
Edith,ekernera5@issuu.com,Non-binary
Lesli,lcockerhama6@wp.com,Polygender
Wynnie,wrobea7@smugmug.com,Polygender
Debee,dedgeleya8@uiuc.edu,Genderfluid
Odelia,ocoulla9@gizmodo.com,Genderqueer
Emalia,esibyllaaa@privacy.gov.au,Bigender
Bearnard,bwraggeab@ustream.tv,Non-binary
Mendel,mwakelinac@360.cn,Female
Wren,wcowmeadowad@state.gov,Bigender
Orazio,okettelae@epa.gov,Genderfluid
Evvy,egrollmannaf@weibo.com,Genderfluid
Andromache,adelayglesiasag@amazon.co.jp,Bigender
Karlotta,katwelah@ebay.co.uk,Polygender
Melony,mbalshawai@youtube.com,Non-binary
Keslie,kreditaj@cisco.com,Polygender
Norrie,ncasellasak@theatlantic.com,Bigender
Scarlet,sixoral@deliciousdays.com,Polygender
Sasha,smingoam@smugmug.com,Agender
Boyce,bsteanyngan@scribd.com,Agender
Archer,adavidescoao@time.com,Non-binary
Mirelle,mhanscomap@fema.gov,Male
Geraldine,gcharityaq@aol.com,Male
Donny,dmcrobbiear@oaic.gov.au,Agender
Gerrilee,gduffellas@skyrock.com,Non-binary
Demeter,ddibaudiat@dmoz.org,Female
Gay,gbedomeau@phoca.cz,Polygender
Danica,dkundertav@microsoft.com,Genderqueer
Alys,aodalyaw@addtoany.com,Agender
Edithe,eyareax@cpanel.net,Genderqueer
Cammie,csowerbyay@51.la,Female
Cecilia,cfluxaz@accuweather.com,Non-binary
Osbourne,oellphb0@bluehost.com,Non-binary
Xavier,xdewanb1@nsw.gov.au,Non-binary
Sharla,smartellinib2@example.com,Female
Mela,mquinnb3@psu.edu,Genderfluid
Netti,ncockroftb4@nature.com,Female
Dorelia,dfossittb5@psu.edu,Bigender
Marty,mscogginb6@timesonline.co.uk,Agender
Mireielle,morltonb7@nyu.edu,Agender
Maressa,mshillitob8@joomla.org,Genderfluid
Grant,glinesb9@wikispaces.com,Male
Clare,cyterba@constantcontact.com,Genderqueer
Seline,sdoylandbb@usda.gov,Bigender
Chic,clobbc@vkontakte.ru,Female
Herold,hshwalbebd@behance.net,Agender
Raddie,rberrbe@ed.gov,Agender
Eva,ehughesbf@yahoo.com,Female
Bronson,bsawleybg@ed.gov,Genderfluid
Mattie,mdalzellbh@engadget.com,Bigender
Siegfried,sgraeserbi@senate.gov,Non-binary
Jade,jmowettbj@bing.com,Polygender
Garry,gmackartanbk@cafepress.com,Genderfluid
Wolf,wseccombebl@facebook.com,Polygender
Juliann,jscudbm@ovh.net,Female
Noell,nrideoutbn@shareasale.com,Female
Charmian,cfahertybo@slashdot.org,Bigender
Kain,kbackhousebp@hugedomains.com,Male
Ira,irevansbq@tmall.com,Non-binary
Lianna,lespadabr@chicagotribune.com,Bigender
Lynelle,lwaddambs@google.ru,Bigender
Kissie,kbabbagebt@answers.com,Male
Lindsey,lhallumbu@uiuc.edu,Genderfluid
Bond,bstrangebv@wisc.edu,Female
Romy,rlamontbw@ted.com,Agender
Toiboid,tdishmonbx@blogspot.com,Genderqueer
Erasmus,ehopferby@tamu.edu,Non-binary
Thatch,teastwaybz@clickbank.net,Agender
Risa,rattiwillc0@imdb.com,Agender
Marcello,mleaningc1@mayoclinic.com,Male
Enriqueta,ekalinskyc2@cyberchimps.com,Male
Giraud,ggathercoalc3@pen.io,Male
Ola,omquhargec4@friendfeed.com,Polygender
Mead,macec5@123-reg.co.uk,Polygender
Sascha,seudallc6@msn.com,Agender
Lora,lbuckthorpc7@dedecms.com,Male
Bald,bskillingsc8@dyndns.org,Genderqueer
Daisie,dcantillonc9@bloomberg.com,Female
Wenona,wgreenallca@jugem.jp,Non-binary
Damien,dstaveleycb@spotify.com,Genderqueer
My,mcanelascc@bloglovin.com,Polygender
Ximenez,xdunkertoncd@google.cn,Polygender
Jaclyn,jbaughence@wix.com,Male
Marnia,mespinecf@hibu.com,Genderfluid
Kiley,knancecg@home.pl,Agender
Vin,vwildmanch@tripod.com,Non-binary
Pearla,pantonici@usnews.com,Polygender
Hirsch,hbrandhardycj@123-reg.co.uk,Genderfluid
Iseabal,ianeleyck@newyorker.com,Genderqueer
Irwin,ijacklingcl@tumblr.com,Genderqueer
Derick,dbertouloumecm@wix.com,Non-binary
Stephani,sdacecn@washingtonpost.com,Non-binary
Adelaida,ahinrichsenco@facebook.com,Non-binary
Lorena,ladameccp@bbb.org,Genderqueer
Alis,acallandercq@google.fr,Bigender
Catharina,cgoverncr@home.pl,Agender
Uriel,utuffscs@netlog.com,Non-binary
Danny,dbrunellict@apache.org,Polygender
Gian,gkubatschcu@npr.org,Genderfluid
Claudell,chovecv@people.com.cn,Agender
Karoline,kvidloccw@vk.com,Agender
Martyn,mdockreecx@eepurl.com,Polygender
Susanna,slambarthcy@mediafire.com,Male
Tabina,twhitmancz@salon.com,Female
Emmalee,ecawdelld0@zimbio.com,Genderfluid
Edee,etinwelld1@mtv.com,Agender
Ashla,agierathsd2@dailymail.co.uk,Polygender
Phelia,pbambroughd3@g.co,Agender
Scot,sshoorbrooked4@bizjournals.com,Male
Hillyer,hlewcockd5@state.tx.us,Polygender
La verne,lfairchildd6@liveinternet.ru,Genderfluid
Kiel,kbeldersond7@google.it,Polygender
Uri,umcglued8@tuttocitta.it,Bigender
Mallissa,mstrathearnd9@google.de,Genderfluid
Ximenez,xpybworthda@simplemachines.org,Genderqueer
Hurleigh,harnalddb@dyndns.org,Genderqueer
Kiel,kwellendc@myspace.com,Bigender
Pall,pcraisedd@ox.ac.uk,Bigender
Martino,mgribbende@tiny.cc,Male
Mellie,myoungmandf@opera.com,Agender
Justina,jhowbrookdg@1688.com,Agender
Ambrosio,arosenzwigdh@examiner.com,Female
Nannie,nlaingdi@nps.gov,Genderqueer
Grissel,gmantondj@auda.org.au,Genderqueer
Anet,acudbirddk@google.pl,Genderqueer
Traver,thartwelldl@netlog.com,Non-binary
Bert,bjendasdm@yelp.com,Non-binary
Layne,lshanedn@ow.ly,Male
Lenette,lbrabondo@opensource.org,Genderqueer
Sheffy,sbehnkedp@springer.com,Male
Estelle,egooleydq@si.edu,Bigender
Emilee,egrinindr@samsung.com,Agender
Inessa,icarbineds@t.co,Agender
Arda,adecroixdt@bloomberg.com,Polygender
Colly,cpabstdu@uiuc.edu,Polygender
Aloysia,amapholmdv@prlog.org,Genderqueer
Gerrie,gbrianddw@wix.com,Female
Ashbey,agetcliffedx@diigo.com,Polygender
Winnie,wstartendy@soundcloud.com,Polygender
Andrea,aalyonovdz@odnoklassniki.ru,Agender
Rand,rspaltone0@marriott.com,Genderqueer
Keslie,kspencee1@foxnews.com,Male
Corene,ccranneye2@theatlantic.com,Non-binary
Sayre,soclearye3@usda.gov,Bigender
Fabien,fsheriffe4@ox.ac.uk,Genderqueer
Griff,grohloffe5@oakley.com,Polygender
Emyle,echiverse6@artisteer.com,Female
Jefferey,jspaldine7@flickr.com,Non-binary
Constantino,cbrisleye8@prlog.org,Male
Phebe,pmatskeviche9@google.com.au,Non-binary
Huntington,hcristofanoea@senate.gov,Polygender
Cornall,cantoonseb@shop-pro.jp,Non-binary
Matti,miltchevec@sciencedirect.com,Genderqueer
Bree,bfifeed@aol.com,Genderfluid
Tobey,tredbournee@shareasale.com,Non-binary
Evvie,ewaddyef@xinhuanet.com,Bigender
Jody,jharkeneg@altervista.org,Genderfluid
Heidie,hsexeh@hatena.ne.jp,Bigender
Davita,dwilkisonei@businessweek.com,Bigender
Chrissy,ccoburnej@businessinsider.com,Bigender
Prinz,phuzzayek@narod.ru,Female
Solly,sklosael@usgs.gov,Genderfluid
Leonie,lyarkerem@blogspot.com,Agender
Bronny,bstotherfielden@theatlantic.com,Female
Tiphany,tjambrozekeo@nih.gov,Genderqueer
Leeland,lknutsenep@sitemeter.com,Agender
Inglis,igillbeeeq@salon.com,Agender
Emmalyn,eaprahamianer@weebly.com,Agender
Anna-diana,adumbrilles@istockphoto.com,Polygender
Nonna,nworkeset@engadget.com,Male
Fiann,fyankoveu@elegantthemes.com,Female
Sylvester,sparnellev@bloomberg.com,Male
Siffre,sborzoniew@cam.ac.uk,Male
Fergus,fraccioex@blogspot.com,Bigender
Gracie,gjillissey@desdev.cn,Bigender
Leilah,lseddonez@independent.co.uk,Non-binary
Thurston,tbrehautf0@usgs.gov,Agender
Walsh,walsopf1@telegraph.co.uk,Genderqueer
Engracia,epawlickif2@biblegateway.com,Agender
Noel,nabbesf3@i2i.jp,Polygender
Nicky,npaxfordef4@apache.org,Female
Free,fkibelf5@businessweek.com,Male
Shannon,sslanyf6@home.pl,Male
Lexis,lbrothwoodf7@washington.edu,Bigender
Doe,dgornallf8@apple.com,Female
Claudian,cfassumf9@mozilla.com,Female
Toni,tchandersfa@time.com,Male
Shaylah,smarteletfb@artisteer.com,Bigender
Kati,kkaublefc@youtu.be,Male
Newton,neaclefd@prnewswire.com,Bigender
Wyndham,wstambridgefe@cyberchimps.com,Genderqueer
Alissa,agillbeyff@ifeng.com,Polygender
Carolynn,crickisfg@google.co.jp,Non-binary
Miranda,mhammerfh@zimbio.com,Genderfluid
Francene,fdulyfi@cisco.com,Bigender
Udell,uboutellfj@archive.org,Female
Rock,rdennickfk@github.io,Non-binary
Dianne,dverrillsfl@samsung.com,Genderfluid
Beck,bhollyarfm@unesco.org,Male
Emlen,eocriganefn@wired.com,Male
Tessa,tmunghamfo@amazon.co.jp,Male
Harbert,hkibbyfp@fda.gov,Genderqueer
Georgie,ggasperofq@chron.com,Genderfluid
Tate,tweildfr@wsj.com,Genderqueer
Danella,dpalleskefs@biblegateway.com,Agender
Kory,kzecchiniift@gmpg.org,Female
Dyan,dstorekfu@un.org,Female
Cheslie,ctownrowfv@elpais.com,Agender
Honey,hmallyafw@fotki.com,Agender
Germain,gsimonnetfx@printfriendly.com,Female
Nels,nclearyfy@barnesandnoble.com,Bigender
Karin,kfairyfz@w3.org,Bigender
Rubina,rwildashg0@google.co.uk,Female
Fawn,fbealsg1@delicious.com,Female
Claudie,cbottbyg2@soundcloud.com,Female
Toddy,tafieldg3@feedburner.com,Female
Godfrey,gdavauxg4@youku.com,Genderfluid
Kearney,ktruing5@bizjournals.com,Female
Atlante,amendelg6@sourceforge.net,Genderqueer
Rois,rhigounetg7@whitehouse.gov,Polygender
Gae,gmonktong8@washingtonpost.com,Genderfluid
Jacobo,jrickardsg9@tinypic.com,Female
Arielle,aciscoga@weibo.com,Non-binary
Giavani,gcurraogb@hatena.ne.jp,Polygender
Dorie,dtroakegc@yellowpages.com,Agender
Wenona,wmidlanegd@fastcompany.com,Genderqueer
Cathee,clilliege@mlb.com,Agender
Olia,oivanchenkovgf@wikipedia.org,Female
Cathy,csearygg@timesonline.co.uk,Female
Orlan,ocolegrovegh@purevolume.com,Male
Patsy,pcarradicegi@edublogs.org,Bigender
Mycah,mrolfogj@google.fr,Male
Clarence,ctillinggk@canalblog.com,Genderqueer
Nerty,nbrandtsgl@dagondesign.com,Non-binary
Freeman,fmarchgm@craigslist.org,Agender
Jedd,jgrumbridgegn@hp.com,Agender
Sue,sroystongo@reverbnation.com,Polygender
Georgette,gdrayegp@springer.com,Genderqueer
Armstrong,awightmangq@newsvine.com,Non-binary
Micah,mpellewgr@over-blog.com,Genderqueer
Corene,cnieassgs@delicious.com,Genderfluid
Aileen,atumiotogt@si.edu,Bigender
Otto,oshailergu@spotify.com,Genderqueer
Annie,acowapgv@hc360.com,Agender
Valerie,vkochsgw@howstuffworks.com,Genderqueer
Addy,achanceliergx@themeforest.net,Female
Kate,kchidleygy@howstuffworks.com,Male
Valene,vdenialgz@zdnet.com,Agender
Nikos,ncassimerh0@gravatar.com,Bigender
Aggie,aprestageh1@vimeo.com,Polygender
Joseito,jtipperh2@issuu.com,Bigender
Quintin,qfultonh3@mac.com,Female
Jeanne,jpachh4@ow.ly,Non-binary
Rice,rdunkh5@canalblog.com,Male
Zelma,zarchanbaulth6@gmpg.org,Non-binary
Leisha,lgoodbandh7@parallels.com,Female
Conrado,cwiszniewskih8@wp.com,Male
Fergus,fklosserh9@sphinn.com,Genderqueer
Rhianna,rkendallha@infoseek.co.jp,Non-binary
Burty,bdinleyhb@oakley.com,Polygender
Nikita,nfashamhc@forbes.com,Agender
Howey,hrevancehd@zdnet.com,Agender
Luciana,lmahomethe@google.co.jp,Bigender
Dorothee,dmcguggyhf@ustream.tv,Genderqueer
Norean,nmateevhg@flavors.me,Polygender
Maryjo,mmacellenhh@etsy.com,Male
Cornie,calejandrihi@surveymonkey.com,Male
Hersh,hhynsonhj@tuttocitta.it,Genderfluid
Josefina,jbroomerhk@blog.com,Agender
Angie,afoakeshl@creativecommons.org,Male
Terry,tjandahm@mediafire.com,Polygender
Gusta,gsketthn@dyndns.org,Male
Melina,mhonywillho@craigslist.org,Agender
Lauralee,logglebiehp@foxnews.com,Agender
Lonnie,legdalehq@yahoo.co.jp,Bigender
Katha,kneevehr@sciencedaily.com,Genderqueer
Galina,gtzarkovhs@smh.com.au,Bigender
Alasdair,akenningleyht@cdc.gov,Bigender
Edy,eblanchethu@home.pl,Agender
Jody,jarrundalehv@pbs.org,Agender
Willie,wsexonhw@va.gov,Polygender
Noami,nseedhousehx@woothemes.com,Genderqueer
Tabina,thaughhy@seesaa.net,Polygender
Bronny,boolahanhz@yale.edu,Bigender
Kelcie,kmesnardi0@opensource.org,Genderfluid
Budd,bpoeli1@ehow.com,Agender
Quinta,qklasingi2@w3.org,Bigender
Amery,awhewilli3@biglobe.ne.jp,Genderqueer
Miriam,mbranti4@mashable.com,Genderqueer
Cristiano,cbelhommei5@reverbnation.com,Genderfluid
Rosy,rcarpenteri6@phoca.cz,Female
Susie,sjouannyi7@slate.com,Genderqueer
Hadrian,htrudgioni8@nymag.com,Genderqueer
Hasty,hgravatti9@umich.edu,Polygender
Chiquita,cmcnaughtia@zimbio.com,Male
Susana,sartonib@arstechnica.com,Female
Mead,mortigaic@guardian.co.uk,Female
Stanley,ssamsid@nhs.uk,Agender
Daveen,dbernardinie@gravatar.com,Agender
Darrelle,dstpaulif@mayoclinic.com,Polygender
Kelcie,kbarnhillig@cam.ac.uk,Polygender
Mil,mdearlepalserih@google.it,Agender
Bee,blindsellii@angelfire.com,Non-binary
Adolpho,aberickij@senate.gov,Genderfluid
Noni,nimmerik@dropbox.com,Bigender
Weylin,wblincowil@princeton.edu,Bigender
Bidget,bguddeim@fc2.com,Male
Ninnetta,nrootein@creativecommons.org,Polygender
Shawna,sstutterio@ycombinator.com,Bigender
Marchall,msteptowip@loc.gov,Polygender
Ellary,ecockshottiq@biblegateway.com,Female
Boothe,bkiehneir@miitbeian.gov.cn,Male
Skyler,smebesis@rediff.com,Agender
Aylmar,ajeppersonit@fema.gov,Non-binary
Shena,ssirediu@wordpress.org,Genderqueer
Doroteya,dcourvertiv@yelp.com,Female
Edyth,eferreaiw@noaa.gov,Genderfluid
Estelle,ehaneix@discuz.net,Male
Johnette,jbloxsomeiy@washington.edu,Polygender
Kane,kstoltingiz@mapquest.com,Genderfluid
Parrnell,pcowej0@yahoo.co.jp,Female
Joscelin,jpendryj1@youtu.be,Male
Odetta,oclinkj2@mozilla.com,Polygender
Beverly,bdimaggioj3@gov.uk,Genderqueer
Art,aalenikovj4@surveymonkey.com,Genderqueer
Findlay,fsheringtonj5@engadget.com,Non-binary
Daron,dnickollj6@yahoo.com,Genderfluid
Alfie,asycamorej7@technorati.com,Female
Ivie,ifollacaroj8@whitehouse.gov,Agender
Melloney,mandertonj9@nasa.gov,Genderqueer
Ursa,uchoupinja@howstuffworks.com,Agender
Reiko,rolneyjb@craigslist.org,Female
Kerk,koveyjc@qq.com,Male
Audrie,agrintjd@infoseek.co.jp,Polygender
Gav,godoughertyje@usa.gov,Genderqueer
Bab,bcravenjf@bigcartel.com,Genderqueer
Dilan,djorinjg@ezinearticles.com,Bigender
Raimundo,rrussamjh@dell.com,Female
Stanley,swolstencroftji@cdc.gov,Genderqueer
Gabie,gchurchwardjj@dagondesign.com,Male
Sibel,ssesonjk@samsung.com,Bigender
Ava,aalexanderjl@google.de,Female
Agneta,abowbrickjm@tumblr.com,Female
Maxim,malelsandrovichjn@nba.com,Non-binary
Eden,eshinnerjo@vimeo.com,Female
Jeri,jmanilowjp@state.gov,Bigender
Eulalie,efosbraeyjq@nps.gov,Polygender
Siobhan,sclintonjr@oakley.com,Female
Vivi,vkenneyjs@netscape.com,Genderqueer
Othello,oeamesjt@linkedin.com,Genderqueer
Lammond,lparnbyju@imageshack.us,Male
Beckie,bgiorgiellijv@spotify.com,Polygender
Nydia,ndellcasajw@google.pl,Non-binary
Peg,pbehningjx@ycombinator.com,Bigender
Felicity,flivesayjy@hostgator.com,Non-binary
Jeno,jkopjejz@photobucket.com,Non-binary
Dagny,dcatenotk0@merriam-webster.com,Male
Kalie,kburkartk1@state.gov,Agender
Sayers,sronnayk2@chron.com,Polygender
Ebeneser,eabsalomk3@fastcompany.com,Bigender
Lynnet,lkonmannk4@huffingtonpost.com,Female
Cal,cbriggsk5@ning.com,Agender
Wallace,wdallyk6@sciencedirect.com,Genderfluid
Darcey,dmerceyk7@youtube.com,Non-binary
Odele,obowndek8@hatena.ne.jp,Agender
Dolorita,dmcwatersk9@google.com.br,Male
Moises,mshegogka@issuu.com,Non-binary
Starlin,slynettkb@zimbio.com,Agender
Annis,asilbersakkc@twitpic.com,Genderqueer
Serene,sleftridgekd@feedburner.com,Female
Quintana,qtapporke@earthlink.net,Female
Darci,dlidingtonkf@shareasale.com,Polygender
Smith,sjeandonkg@is.gd,Male
Christie,cgashionkh@mit.edu,Polygender
Jaime,jlefevreki@blogspot.com,Bigender
Fawn,fcarillokj@sbwire.com,Non-binary
Leontine,llindbergkk@nyu.edu,Non-binary
Bendix,bshaftokl@blog.com,Agender
Darcie,ddelhaykm@nydailynews.com,Genderqueer
Pascale,pczaplekn@canalblog.com,Bigender
Rockey,rloveardko@ifeng.com,Non-binary
Willis,wtofanokp@slashdot.org,Agender
Eleen,esiebertkq@salon.com,Genderqueer
Wayne,wtorelkr@ucsd.edu,Polygender
Giuditta,gpeopleks@mozilla.com,Genderqueer
Gertrudis,gcruxkt@accuweather.com,Genderfluid
Mal,mbolteku@apple.com,Genderqueer
Parke,pkobakv@aol.com,Female
Fawne,fpettikw@lulu.com,Female
Llywellyn,lcoltkx@theglobeandmail.com,Genderqueer
Hasheem,hconnikieky@creativecommons.org,Polygender
Adel,ahowsamkz@google.fr,Bigender
Denyse,ddonaherl0@apple.com,Female
Stacy,smossoml1@jugem.jp,Genderfluid
Augusta,abizzeyl2@phoca.cz,Agender
Jeri,jalelsandrovichl3@amazonaws.com,Male
Micheil,msuccamorel4@parallels.com,Non-binary
Tami,tsonnerl5@pen.io,Non-binary
Priscilla,ptilsleyl6@123-reg.co.uk,Polygender
Clarence,cjostanl7@pen.io,Female
Thekla,ttemporall8@bluehost.com,Agender
Guss,gpearseyl9@upenn.edu,Female
Rudolph,rbarneyla@geocities.com,Genderfluid
Ninette,nblacklerlb@ihg.com,Male
Valma,vdwyrlc@phpbb.com,Non-binary
Janeczka,jgrigautld@jimdo.com,Female
Ailene,aashle@jalbum.net,Female
Benny,bsawnwylf@livejournal.com,Polygender
Chelsey,cduplanlg@51.la,Genderfluid
Martyn,mtordofflh@bloomberg.com,Female
Jaynell,jalthropli@photobucket.com,Female
Phillis,pcollinettelj@slideshare.net,Non-binary
Bogey,bketteridgelk@google.nl,Polygender
Danila,dsommerlandll@cnn.com,Genderfluid
Raviv,rmarchingtonlm@globo.com,Bigender
Loren,lvannozziiln@wp.com,Male
Farleigh,fflannlo@scribd.com,Agender
Sax,socarranlp@shop-pro.jp,Female
Alvan,abillyealdlq@drupal.org,Male
Lesya,lbaillr@hubpages.com,Bigender
Harlan,hswinnertonls@sfgate.com,Bigender
Lonee,llahivelt@about.com,Female
Vanya,vfontelleslu@uol.com.br,Bigender
Celinda,cfeldberglv@diigo.com,Polygender
Sybil,sgraeserlw@sakura.ne.jp,Genderqueer
Vally,vahrendsenlx@deliciousdays.com,Male
Orton,oevillly@oakley.com,Polygender
Crosby,chenrikssonlz@goo.gl,Female
Sayer,swilsherem0@wikimedia.org,Female
Adriane,aparnellm1@surveymonkey.com,Non-binary
Erek,ekeeltaghm2@dagondesign.com,Male
Felizio,farcherm3@symantec.com,Polygender
Kasey,kcamblinm4@newyorker.com,Female
Gery,gmoxhamm5@123-reg.co.uk,Bigender
Raimondo,rraouxm6@earthlink.net,Genderqueer
Eustacia,emallatrattm7@360.cn,Female
Augustus,aainleym8@imageshack.us,Bigender
Sheffield,sbrimfieldm9@phoca.cz,Polygender
Miof mela,mamayama@hexun.com,Genderqueer
Virgilio,voakwoodmb@gravatar.com,Genderfluid
Leeland,lblackhurstmc@odnoklassniki.ru,Polygender
Nanny,npeceymd@constantcontact.com,Male
Stormie,sprovenme@gmpg.org,Female
Elmo,ebellissmf@eepurl.com,Agender
Piotr,pgoughmg@imgur.com,Genderqueer
Jehu,jgardinermh@163.com,Non-binary
Errol,eachesonmi@weather.com,Male
Bennie,bfronczakmj@tinyurl.com,Polygender
Mel,mharstonmk@prnewswire.com,Agender
Hunt,hfishburnml@friendfeed.com,Genderqueer
Nalani,npoyntzmm@last.fm,Male
Aeriela,aweeklandmn@nifty.com,Female
Anni,apaternomo@booking.com,Polygender
Siffre,sotteymp@businessinsider.com,Genderfluid
Katina,kgillermq@discuz.net,Polygender
Ulberto,uwoanmr@imgur.com,Bigender
Ogden,ocrantonms@irs.gov,Genderqueer
Xever,xbeumantmt@alibaba.com,Male
Amata,astephenmu@adobe.com,Female
Roy,rmanicombmv@psu.edu,Female
Maurizio,mdriuzzimw@github.com,Polygender
Lurline,lmorenomx@desdev.cn,Agender
Maxy,mscarsbrookmy@1688.com,Agender
Sylas,sneilandsmz@g.co,Bigender
Leah,lvandevliesn0@uiuc.edu,Agender
Juliann,jsidgwickn1@yandex.ru,Genderqueer
Giuseppe,gblakistonn2@europa.eu,Non-binary
Lotty,lgadmann3@mlb.com,Genderfluid
Marjory,mmalamn4@wufoo.com,Non-binary
Wilbur,wpadghamn5@tamu.edu,Polygender
Christean,cbolsovern6@weebly.com,Male
Matt,mduleyn7@disqus.com,Bigender
Theodor,tmatijevicn8@lycos.com,Male
Hewie,hspeeksn9@army.mil,Female
Morty,mdesmondna@cisco.com,Non-binary
Jenilee,jpeachnb@imgur.com,Male
Lonny,lkembernc@hibu.com,Agender
Allison,asangwinnd@weather.com,Polygender
Regan,rmenhamne@ask.com,Polygender
Kayley,kwaddingtonnf@rakuten.co.jp,Agender
Shaw,stileyng@ustream.tv,Bigender
Ruprecht,rcroallnh@unblog.fr,Female
Carolyne,ckruschevni@homestead.com,Non-binary
Vivianne,vkissnj@tumblr.com,Female
Kacie,kfolink@globo.com,Genderqueer
Mano,mmeniconl@ustream.tv,Polygender
Isahella,ibarendsnm@cyberchimps.com,Genderfluid
Odille,okenwinnn@oracle.com,Genderqueer
Zeke,zhennigerno@moonfruit.com,Female
Hoebart,hloynp@blogtalkradio.com,Polygender
Elinore,ebarrnq@drupal.org,Polygender
Charissa,cmaccaughennr@princeton.edu,Bigender
Tine,ttregeans@tiny.cc,Genderfluid
Annadiane,aabelovnt@usatoday.com,Genderfluid
Sean,scominonu@nbcnews.com,Male
Carling,cmollindinianv@bravesites.com,Agender
Nickolaus,nspurdennw@google.com.au,Male
Kingsly,kballaynx@ftc.gov,Genderqueer
Terrel,tpiechnikny@google.es,Female
Kylen,kspadollininz@homestead.com,Bigender
Cherey,cgrinino0@about.me,Non-binary
Garrik,gvaldeso1@baidu.com,Agender
Justin,jakitto2@privacy.gov.au,Genderqueer
Brod,bkearyo3@weebly.com,Male
Edith,emulhallo4@trellian.com,Polygender
Alvina,agrelliso5@taobao.com,Genderfluid
Shelbi,sleckyo6@nydailynews.com,Agender
Evelin,egreweo7@uol.com.br,Agender
Robert,rmullanyo8@home.pl,Bigender
Yard,ysporleo9@newsvine.com,Female
Arch,acowdreyoa@tripadvisor.com,Male
Eric,eliddellob@tripod.com,Agender
Mariann,mmelburgoc@ebay.co.uk,Female
Hansiain,hfiggeod@twitpic.com,Genderfluid
Sheba,smeekinsoe@moonfruit.com,Female
Silvana,smcmahonof@so-net.ne.jp,Female
Rutger,rmawneog@cornell.edu,Bigender
Aileen,abeebleoh@bing.com,Non-binary
Mikaela,madamowiczoi@icq.com,Genderfluid
Cristina,csageroj@topsy.com,Female
Pearl,pfahyok@fotki.com,Bigender
Jessalyn,jverriourol@blogs.com,Polygender
Cheslie,ccecchetelliom@themeforest.net,Agender
Curcio,cswantonon@amazon.com,Male
Joseito,jfarresoo@blogspot.com,Female
Burton,bmcgebenayop@dagondesign.com,Agender
Tab,tbattanyoq@mail.ru,Male
Rhiamon,rvandalenor@ocn.ne.jp,Female
Alic,asarneyos@wikipedia.org,Polygender
Fidelia,fmcfeeot@goodreads.com,Agender
Latia,lgarbuttou@newsvine.com,Male
Dorolisa,dtregonnaov@domainmarket.com,Polygender
Nanci,nwinearow@mozilla.org,Polygender
Val,vloucaox@indiatimes.com,Female
Mohandis,mmcquirkoy@engadget.com,Non-binary
Arabel,afackrelloz@printfriendly.com,Agender
Deloria,djoanaudp0@macromedia.com,Bigender
Alli,abraunesp1@sakura.ne.jp,Male
Tymothy,tworsnapp2@seattletimes.com,Non-binary
Sholom,smacadiep3@netlog.com,Female
Lyman,lbuckthoughtp4@accuweather.com,Male
Chrissy,ctregentp5@vkontakte.ru,Female
Duke,dhallihanep6@dmoz.org,Polygender
Emelda,ebiddwellp7@prlog.org,Agender
Stinky,spickoverp8@so-net.ne.jp,Non-binary
Floria,floweryp9@a8.net,Agender
Essa,esharphousepa@smh.com.au,Genderfluid
Doug,dsinnattpb@csmonitor.com,Female
Arney,apapepc@go.com,Bigender
Demetria,dphelipeauxpd@marriott.com,Non-binary
Vera,vknightlype@sakura.ne.jp,Non-binary
Perrine,pvliespf@linkedin.com,Genderqueer
Barnabas,bwitheypg@parallels.com,Agender
Sephira,smayzesph@umich.edu,Female
Gus,gmccriepi@netscape.com,Male
Alexio,amcculleypj@state.tx.us,Male
Ted,tbastiepk@sourceforge.net,Genderfluid
Waring,wgalletlypl@spiegel.de,Female
Gerome,gpickthornpm@paypal.com,Non-binary
Jennifer,jrubelpn@1688.com,Female
Nichol,nblazewskipo@surveymonkey.com,Non-binary
Josi,jburchmorepp@posterous.com,Female
Wendeline,wseerpq@google.com.br,Bigender
Jori,jchafferpr@instagram.com,Genderqueer
Burg,bnorvellps@bigcartel.com,Bigender
Webb,wlatterpt@liveinternet.ru,Genderqueer
Gale,groydspu@amazon.com,Non-binary
Kenny,kheinleinpv@telegraph.co.uk,Genderfluid
Averil,acampanellipw@admin.ch,Male
Jethro,jaddlestonepx@amazon.de,Male
Mordecai,mwoolstonpy@who.int,Non-binary
Sebastien,slinnardpz@bloglovin.com,Male
Gualterio,gemneyq0@macromedia.com,Male
Rowney,rfaithornq1@gov.uk,Polygender
Nicolas,nklugq2@sciencedaily.com,Bigender
Gael,gribouq3@time.com,Agender
Darlleen,dgorwoodq4@paypal.com,Genderfluid
Mallissa,mlabaq5@example.com,Female
Florette,fhapgoodq6@businesswire.com,Non-binary
Chrysa,cbenchq7@4shared.com,Bigender
Antoni,acelleq8@wikispaces.com,Genderfluid
Markus,mstalleyq9@java.com,Genderqueer
Tracey,tcorshamqa@wordpress.com,Female
Brander,bteodorskiqb@bbc.co.uk,Agender
Kipp,kprobetqc@w3.org,Genderqueer
Elizabet,eedgeleyqd@telegraph.co.uk,Agender
Milty,mderxqe@weebly.com,Genderfluid
Gina,gtreasureqf@stumbleupon.com,Genderfluid
Baillie,bgreweqg@epa.gov,Genderfluid
Laural,loaktonqh@accuweather.com,Female
Marion,mmarjanovicqi@bbc.co.uk,Male
Osbourn,oosculleyqj@about.me,Polygender
Jolee,jairdqk@xing.com,Genderfluid
Cass,cbutterfintql@topsy.com,Non-binary
Lonnie,ldelaciqm@usatoday.com,Non-binary
Flory,fbalazsqn@godaddy.com,Agender
Benjie,bnesterqo@mail.ru,Non-binary
Victoir,valpeqp@reference.com,Bigender
Bogart,bheidenqq@senate.gov,Polygender
Aguie,akernermannqr@ehow.com,Genderfluid
Briant,bsterlandqs@hexun.com,Genderqueer
Julina,jkomorowskiqt@phpbb.com,Polygender
Gabie,gbulbrookqu@nsw.gov.au,Genderqueer
Halley,hatherleyqv@engadget.com,Male
Shaughn,sreyeqw@qq.com,Polygender
Gwenette,gdebernardisqx@t-online.de,Bigender
Natividad,nutridgeqy@jigsy.com,Genderqueer
Samantha,shearndenqz@acquirethisname.com,Polygender
Paloma,prowantreer0@deliciousdays.com,Bigender
Theodora,tnatonr1@1und1.de,Genderfluid
Ariella,amalleyr2@msu.edu,Polygender
Pavla,pgainsboroughr3@google.cn,Agender
Sara,sbromfieldr4@wordpress.org,Bigender
Frederica,fchottyr5@nhs.uk,Polygender
Lothario,lvelldenr6@eepurl.com,Non-binary
Gaylord,gsetchfieldr7@noaa.gov,Female
Chick,csowmanr8@yale.edu,Non-binary
Filberte,ftippinr9@dailymail.co.uk,Bigender
Carleton,csimionera@blinklist.com,Genderfluid
Allayne,aaylenrb@independent.co.uk,Bigender
Ricardo,rhammonrc@bandcamp.com,Genderqueer
Timmie,tcuxonrd@google.com.hk,Male
Hetty,hmonsonre@dion.ne.jp,Male
Katey,kmesserrf@weibo.com,Genderqueer
Adele,ajoneyrg@newyorker.com,Non-binary
Randi,rrenihanrh@disqus.com,Female
Ellen,eahrendsenri@cnet.com,Polygender
Hyman,hsnufflebottomrj@utexas.edu,Agender
Briano,bverissimork@seesaa.net,Polygender
Micky,mgartrellrl@networksolutions.com,Polygender
Milli,mconditrm@prnewswire.com,Agender
Griffy,grawoodrn@harvard.edu,Genderfluid
Cristina,chairero@gizmodo.com,Bigender
Weylin,wleavryrp@spotify.com,Non-binary
Selma,sbassingdenrq@prweb.com,Genderfluid
Gabriele,gbradtkerr@merriam-webster.com,Genderfluid
